mlb_api_id,team_abbreviation,status,2026,acquired
671096,CLI,O3,0.7,D 2021
690953,SIL,O,0,T 10/25 (GIL)
691769,SAN,O,0,D 2023
685095,PON,O1,0.5,R5 2025 (PTR)/D 2021
682928,JAC,A1,0.980135424,D 2019
650556,PUG,A2,6.288437333,T 5/19 (MIN)
677800,SIL,O2,0.6,T 10/22 (BBS)
691185,EMP,O,0,D 2020
682668,CLI,O1,0.5,T 11/22(CHA)
660670,MAI,FA4,15.496599,D 2015
592094,SPR,FA1,6.129086,T 11/25 (DEL)
642715,LRR,FA3,22.072324,FA 1/26
656180,VAN,A2,0.74,D 2017
701519,SAR,O1,0.5,D 2023
666176,SCS,A3,0.7,T 11/25 (LAK)
687924,VAN,O1,0.4,D 2021
669211,NOR,A3,1.008461,T 10/17 (SPR)
645277,LRR,FA1,5.09045809,D 2014
660896,SIL,FA1,0.4,FA 1/26
682634,JAC,O,0,T 10/22 (EMP)
645261,SAR,FA4,12,FA 1/25
691951,PON,O,0,D 2021
669920,NOR,FA2,3.525606,FA 1/26
641302,SAN,FA1,0.888,D 2015
677942,SIL,O1,0.5,T 7/23 (EMP)
663465,RIV,FA1,1.101168,FA 4/24
671106,PUG,O3,0.6,D 2020
669397,SAR,A2,0.592,R5 2021 (SAN)
624413,GIL,FA2,11.174035,T 1/24 (CHA)
656186,SAN,FA1,0,FA 8/25
514888,LAK,FA4,5.840916,FA 1/26
621237,JAC,FA1,4.603795115,T 11/22 (BAR)
665660,RIV,O1,0.41,D 2021
670541,LRR,FA3,13.026317,FA 1/26
682626,MEM,O3,0.7,D 2019
674841,NOR,O,0,D 2021
805373,SIL,O1,0.4028,D 2022
691182,WYO,O1,0.74,T 11/23 (SHS)
676070,ECB,FA1,0.42,FA 1/24 (G)
665804,SAR,O3,0.67086784,T 1/22 (SPR)
542881,PTR,FA1,7.843767,FA 1/26
681982,SPR,O3,0.4,T 11/25 (CHI)
609280,ECB,FA1,0.74,FA 4/24
701350,NOR,O1,0.5,D 2022
666018,DEL,O3,0.7,D 2017
606115,SPR,FA1,1.493409,FA 1/26
571448,RIV,FA2,8.865064,FA 1/26
672356,SHS,O3,0.52,D2017
542888,PHO,FA5,3.599375425,FA 1/25
668227,DEL,A2,4.784826,T 11/20 (SIL)
650333,SAR,HD2,5.476005,D 2015
681293,LRR,O2,0.416,D 2021
676879,CLI,A2,2.279760472,D 2018
677952,MEM,O3,0.7,R5 12/23 (SAR)
668933,VAN,A1,0.98361008,D 2019
665871,MAI,FA3,3.85875,FA 1/26
679883,CLI,O,0.4,D 2021
669199,GIL,FA1,0.74,FA 4/25
696147,CHI,O1,0.4,D 2021
679775,PUG,O,0,D 2021
664056,BBS,FA1,5.733098149,T 11/25 (PON)
695491,DEL,O,0,T 11/25 (SCS)
595879,PUG,FA1,0.7875,T 2/26 (SPR)
672275,STL,O3,0.7,T 11/23 (DEL)
641329,ECB,FA3,5.388897,FA 1/26
681460,BBS,O2,0,T 1/22 (DEL)
686948,PON,O1,0.5,D 2022
694208,CHI,O,0,D 2022
607455,ECB,FA1,0.74,T 11/25 (SCS)
621383,NOR,FA,2.854867,FA 1/24 (G)
683145,EMP,O,0,T 7/21 (SAC)
682995,SAR,O,0,D 2023
680718,SAR,O3,0.7,R5 12/23 (BAR)
605130,ECB,FA2,2.430664,FA 1/26
686930,SIL,O,0.4,T 1/26 (CLI)
678489,ECB,FA1,0.4,FA 1/26
663698,WYO,A3,0.65086784,T 1/23 (PON)
694212,LRR,O,0.4063332,D 2022
605135,STL,FA2,12.582237,T 1/26 (PON)
683146,DEL,O3,0.7,T 12/23 (PUG)
641343,VAN,A2,0.4,MLFA 23
691945,GIL,O,0,T 1/22 (QCL)
642585,BBS,A1,0.74610775,T 11/23 (DEL)
669358,SAR,A1,1.411327,T 12/20 (SCS)
660825,STL,O3,0.7,FA 11/24
687637,SIL,O1,0.4,T 10/25 (GIL)
663941,SAC,O3,0.402008,D 2022
687597,WYO,O2,0.5,D 2022
687218,GIL,O,0,T 10/25 (NEW)
670280,LRR,A2,2.740198758,T 11/20 (SCS)
656222,SAR,FA1,0.74,T 7/25 (SPR)
605137,SAC,FA1,4.5,T 11/25 (VAN)
641355,CHI,HD1,3.446988019,T 11/14 (SPR)
678394,WYO,A1,3.596065347,T 1/23 (PON)
678368,CHA,FA,2.09475,FA 1/25
669622,DEL,FA1,2.720661,FA 11/24
643217,WYO,FA1,6,FA 1/25
666181,SAN,O2,0.5,D 2016
686701,SAC,O1,0.5,D 2021
682653,CHA,O,0,T 11/25 (DEL)
621244,PON,FA2,29.425,FA 1/23 (G)
542932,SPR,FA1,0.525,FA 1/25
605141,SCS,FA4,15.64419466,D 2011
676440,SCS,O3,0.7,D 2022
666182,SCS,FA2,5.406988,T 3/24 (PON)
674370,LAK,FA1,0.7,FA 1/24 (G)
669456,JAC,FA3,9.8,FA 1/25
685801,NOR,O1,0,D 2019
624415,PON,FA2,2.25,FA 1/25
656234,CHA,A1,0.48,T 2/25 (MEM) 
806185,SAC,O2,0.4,D 2022
702352,SAC,O2,0.42,D 2022
696131,CLI,O2,0.6,T 11/23 (SAC)
621112,CHA,FA,0.82944,FA 1/22 (G)
687134,SAN,O2,0.5,D 2021
669854,RIV,FA1,1.179013,FA 1/26
668709,PTR,A1,0.7,D 2019
669208,VAN,O1,0.5,R5 2024 (LAK)
814005,DEL,FA1,0,FA 1/26
805123,PTR,O,0,D 2022
593428,SAC,FA2,10.019946,T 1/23 (PGF)
664761,SAN,A3,3.88908752,D 2018
621366,PON,FA1,0.4,FA 1/26
680742,SIL,FA1,1.693198,FA 1/26
571510,WYO,FA1,9.110376407,FA 1/23 (G)
671212,EMP,O2,0.4,D 2020
674003,WYO,O3,0.5,D 2021
680694,SCS,HD5,3.44685624,D 2021
671737,SIL,O3,0.7,T 11/23 (PUG)
666374,GIL,A1,0.7,T 10/25 (SCS)
518489,EMP,FA2,0.4,FA 1/25
623211,RIV,FA1,2.559622,FA 1/26
608324,PUG,FA2,7.123508081,T 12/23 (DEL) (G)
686823,MAI,O2,0.4,D 2019
681146,JAC,FA1,0.4,FA 1/26
641401,RIV,FA1,0.4,FA 1/26
676962,GIL,O2,0.4,T 4/23 (MIN)
686613,GIL,O3,0.7,T 10/25 (SIL)
664141,BBS,A3,0.41,CW 2/25
660644,SAN,A1,0.7,D 2016
592178,PON,FA1,4.5,T 10/25 (DEL)
663460,SCS,FA1,11.10600447,T 11/25 (PON)
621111,ECB,FA1,10.908,D 2016
607481,WYO,FA1,0.74,FA 1/23 (G)
669394,PTR,A1,1.309928,D 2018
686228,RIV,O,0,D 2021
680732,CHI,O1,0.5,T 11/22 (CHA)
656271,RIV,A2,0.7,T 1/19 (HIG)
676475,MEM,O3,0.7,D 2020
669203,NOR,FA3,23.111033,D 2016
621114,JAC,FA,0,FA 4/25
681347,GIL,O1,0.5,T 1/23 (EMP)
683737,CHA,O2,0.6,T 1/24 (GIL)
671732,LAK,O3,0.7,T 11/23 (PGF)
676130,GIL,O2,0.6,T 1/23 (DEL)
621439,DEL,FA3,8.600001,FA 1/24 (G)
676609,CHA,FA1,4.12776,FA 1/24 (G)
650893,EMP,FA2,0.770129,FA 1/26
665795,GIL,A1,3.283606388,T 7/24 (BBS)
665828,LRR,A1,0.5,D 2016
695506,SAR,O1,0.5,D 2024
683357,WYO,O,0,T 11/23 (PGF)
669743,PTR,FA1,1.328181,FA 1/23 (G)
702070,CLI,O1,0.5,D 2022
691406,SCS,O2,0.6,T 11/23 (BAR)
692225,ECB,O1,0.4,D 2023
669134,SIL,O3,0.4,T 10/22 (BBS)
672744,LRR,O1,0.4,T 7/20 (STU)
656288,NOR,FA,0.83098,D 2018
686563,ECB,O2,0.5,D 2022
666974,SAR,A1,0.56,FA 4/23
676282,BBS,O2,0.6,T 7/24 (GIL)
686527,PUG,O3,0.7,D 2019
605170,SPR,FA1,1.391376,T 11/17 (CAR)
666185,JAC,A3,0.74,T 6/14 (SPR)
681481,PON,A1,1.542121634,T 1/23 (CHA)
471911,CHA,FA1,6.426,FA 1/24 (G)
682998,SIL,A1,5.577949,D 2019
694497,SAR,O3,0.7,D 2020
671213,ECB,A1,0.7,D 2018
676508,MAI,O1,0.5,D 2021
592206,PTR,FA1,13.384958,D 2010
622491,MAI,FA2,14.951067,T 11/23 (CLI)
650489,JAC,FA1,12.132911,FA 1/26
676917,LAK,O1,0.5,D 2020
656302,PUG,FA4,20.88115066,T 11/22 (CHA)
677944,SAN,O2,0.491,T 10/22 (SPR)
605177,CHA,FA1,0.74,FA 1/24 (G)
696149,SCS,O,0,D 2021
665953,SAN,FA1,0.4,FA 1/26
547973,GIL,FA1,2.750578,T 10/25 (VAN)
656305,NOR,HD1,3.054949,T 7/15 (SIL)
665862,DEL,A2,7.608861,T 11/23 (BBS)
683409,NOR,O2,0,D 2022
694192,GIL,O2,0.6,D 2022
701675,WYO,O,0,D 2022
650644,SAN,FA1,3.9539772,D 2016
664199,CLI,FA1,0.5,FA 1/25
672016,WYO,O1,0.5,D 2021
682729,PON,O1,0.5,T 1/26 (VAN)
664076,PUG,FA1,2.56118327,T 4/25 (SCS)
665019,VAN,A1,1.0448,D 2018
676391,PON,A2,4.521335221,T 11/25 (BBS)
805904,BBS,O1,0.5,R5 2025 (PTR)/D 2022
543037,PTR,FA3,7.902632,FA 1/26
686555,NEW,O2,0.6,FA 4/25
624424,LAK,FA1,10.63125,FA 1/24 (G)
665052,MEM,O1,0.4004,T 1/20 (NEW)
575929,DEL,FA1,10.346478,T 11/21 (BAR)
672710,LRR,A1,0.4,T 11/20 (SCS)
661388,MAI,A2,6.019508341,D 2016
571578,VAN,FA1,6.273776,FA 1/26
692030,SPR,O,0,T 10/25 (DEL)
621043,NOR,FA,5.915513,T 2/25 (MIN)
666126,SAN,FA1,0.75,FA 1/26
641482,CLI,FA3,16,FA 1/25
543056,PHO,FA1,3.045854011,FA 1/23 (G)
681297,DEL,O3,0.7,T 12/23 (PUG)
641487,SIL,FA1,6.575237,FA 1/25
676710,STL,A1,0.7,T 10/22 (NEW)
686611,WYO,O2,0.6,D 2023
688760,PON,O,0,D 2019
622503,EMP,FA1,0.4,FA 1/26
681867,MEM,O2,0.407608,FA 1/24
676979,DEL,A2,13.750303,T 3/24 (SPR)
630105,CHI,FA1,6.067247012,T 11/25 (SPR)
699625,NEW,O ,0,D 2022
691718,SCS,O2,0.6,T 1/25 (JAC)
665833,ECB,O3,0.975655488,D 2017
674444,SCS,O1,0.412584,FA 7/25
518585,STL,FA1,2.9792532,T 1/24 (NEW)
702674,CHA,O1,0.4,T 7/25 (DEL)
518595,SIL,FA1,4.492574,FA 1/26
506433,SIL,FA1,1.25435,FA 1/26
669722,EMP,O,0,T 11/22 (SPR)
680779,WYO,O3,0.4,D 2021
682829,MEM,O3,0.7,D 2021
660787,PON,FA1,0.4,FA 1/26
660853,PTR,FA2,0.48,FA 1/25
594798,LRR,FA2,28.507674,FA 1/26
657557,STL,FA1,1.117748,T 1/26 (VAN)
680728,NEW,O2,0.426,D 2021
800050,CHI,O,0,D 2023
676356,LAK,O2,0.6,D 2019
543101,LRR,FA1,0.4,FA 1/26
672282,SAC,A1,1.002491,D 2020
646240,LAK,FA3,12.3617228,T 4/17 (BOU)
701305,SHS,FA3,0.708897,FA 1/26
621242,CHA,FA1,7.606321,T 11/23 (BBS)
553869,CHA,FA1,2.501628,FA 1/26
700270,MEM,O,0,D 2023
673237,RIV,O3,0.7,D 2018
664747,SAR,A1,0.4,FA 1/22 (G)
650490,STL,FA1,21.641568,FA 1/24 (G)
693307,PON,O1,0.5,T 3/24 (SCS)
690928,JAC,O1,0.5,D 2022
689266,SAN,FA1,0,FA 8/25
801403,MEM,O1,0.4,D 2018
622554,ECB,FA1,1.3571076,D 2016
691176,WYO,O1,0.5,T 1/23 (PON)
680977,SPR,FA4,10.08,T 7/25 (VAN)
666808,DEL,A1,0.586436,T 11/25 (SCS)
686668,EMP,O3,0.7,T 6/25 (SIL)
676263,DEL,O1,0.5,T 10/25 (PON)
643289,NOR,FA,3.624019,T 11/17 (MIN)
680776,CHI,A2,7.914897946,D 2018
679922,LAK,O,0,D 2019
677649,MAI,A1,0.468776,D 2018
661395,PHO,A2,4.940275977,R5 2021 (KCC)
702332,GIL,O1,0.5,T 11/23 (SPR)
813349,ECB,O,0,D 2023
671109,RIV,O,0,D 2020
669242,LAK,FA3,5.034779,T 11/25 (SCS)
669364,LRR,O2,0.6,T 4/23 (MIN)
621107,VAN,FA3,9.351065196,T 11/25 (BBS ) G
685126,CHI,O2,0.4,FA 8/25
693821,SAR,O3,0.431448,D 2020
805811,SCS,O,0,D 2023
671284,DEL,O,0,D 2022
686642,MEM,O,0,D 2021
666464,NOR,O3,0,FA 1/24
687952,WYO,O3,0.4,D 2021
669438,PON,FA1,0.48,FA 4/25
663536,LRR,MLC,0,T 7/20 (MIN)
608650,CHA,O1,0.49975,CW 1/22
663671,SAC,FA1,0.4,FA 1/26
543135,BBS,FA1,16.8,T 11/25 (SHS) G
668674,PUG,O3,0.7,T 1/18 (BOU)
669289,MEM,A3,0.888,T 11/17 (NIL)
683155,SHS,O2,0.4,D 2019
608032,PUG,FA2,5.41708,FA 1/26
669093,LRR,O2,0.6,D 2017
642731,RIV,A2,0.7700928,T 2/26 (SAR)
688138,SAC,O1,0.4,D 2023
664126,MEM,FA2,3.72378,T 2/25 (CHA)
663559,WYO,A2,0.769186492,T 5/22 (SPR)
571657,PUG,FA1,2.0276568,T 4/25 (BBS)
815083,PON,O,0,D 2024
676534,EMP,FA1,1.707928974,T 1/25 (BBS)
607200,CHA,FA1,2.5,FA 1/24 (G)
676439,WYO,FA2,2,FA 1/26
663372,MEM,A1,0.7,D 2018
657571,BBS,FA2,2.1,FA 1/25
621053,LAK,FA1,0.74,FA 1/25
666023,SHS,O3,0.7,T 10/25 (SCS)
820862,WYO,FA1,0.4,FA 1/26
665877,NEW,O3,0.4,FA 8/25
692585,BBS,O1,0,T 10/25
681676,ECB,O2,0.5,D 2023
678606,SAR,O3,0.7,FA 11/24
670036,NEW,FA1,0.4,T 11/25 (SAC)
701581,VAN,O2,0.5,T 10/25 (GIL)
640448,SHS,FA1,2.06388,FA 1/24 (G)
680755,CLI,O1,0.5,D 2018
683157,SHS,O,0,D 2019
690916,GIL,O1,0.4,D 2022
666149,SAC,O2,0.6,D 2019
656427,SAN,FA1,12.0170664,T 7/23 (MIN)
666150,WYO,O3,0.4028,T 5/22 (SPR)
623167,EMP,FA1,0.4,FA 1/26
527038,CHA,FA1,0.504,FA 1/25
804668,CLI,O,0.4,T 11/24 (BBS)
689254,NEW,O1,0.4,D 2022
695670,CLI,O,0.4,D 2021
663743,SPR,FA1,0.74,T 11/23 (NEW)
641584,PHO,A2,0.6,T 11/20 (CAR)
664034,SAN,FA1,4.5805284,D 2015
670102,DEL,FA1,1.2,T 7/25 (MAI)
681047,SCS,O1,0.5,R5 2025 (WYO)
624428,STL,FA2,3.840179,FA 1/26
607536,CHI,FA1,4.747215287,FA 1/25
690976,SIL,O1,0.4,T 6/25 (EMP)
683227,BBS,O1,0.4,D 2024
518692,CLI,FA3,18.282752,FA 1/26
671289,WYO,O3,0.405,T 6/21 (SCS)
686217,SPR,O3,0.7,D 2021
608331,LAK,HD3,10.687976,T 11/18 (QCL)
670770,VAN,A1,1.616316594,D 2016
681807,BBS,O3,0.4328,T 4/25 (PUG)
690924,PHO,O1,0.4,D 2021
608334,LRR,FA1,0.4,FA 1/26
690978,SCS,O1,0.5,R5 2025 (ECB)/D 2020
681892,PHO,FA2,0.4,FA 1/24 (G)
683769,MAI,O3,0.7,D 2019
657424,SHS,FA2,0.4,FA 1/26
606149,EMP,FA1,0.4,FA 1/25
668678,SHS,FA4,17.666148,FA 1/26
676395,BBS,FA1,0.93744,T 5/25 (SPR)
672580,CLI,O3,0.7,D2018
805299,GIL,O,0,T 7/25 (SAC)
691373,JAC,O,0,D 2022
472610,PON,FA1,0.81,FA 1/24 (G)
554340,PUG,FA1,0.9828,FA 1/24 (G)
666969,SPR,A2,1.53873,T 1/25 (SCS)
670329,STL,FA1,0.4,T 1/26 (PON)
671277,VAN,A3,1.8046856,T 1/26 (PON)
657585,BBS,FA1,0.74,T 11/24 (GIL) (G)
666129,RIV,FA1,1.01,FA 1/26
641598,PHO,FA1,2.955241958,T 1/18 (CLI)
681508,SAR,FA1,0.4,FA 8/25
688107,SAC,O,0,D 2021
592332,RIV,FA2,21.024032,FA 1/26
680869,LAK,O2,0.6,T 11/22 (CHA)
806188,SCS,O1,0.5,D 2022
661563,GIL,O3,0.7,T 1/22 (SCS)
656457,CHI,A2,0.4,FA 8/25
687551,ECB,O1,0.4,D 2022
669302,NOR,HD4,10.144921,D2019
687362,CHA,O1,0.4,D 2019
665926,WYO,FA3,9.786576,FA 1/26
656464,LAK,FA2,3.5,FA 1/25
669372,JAC,O2,0.6,D 2020
608337,DEL,FA4,2,FA 1/25
687830,SAR,O1,0.4,D 2019
607192,ECB,FA1,15.35509853,T 7/16 JER
502671,NEW,FA1,12.983596,T 11/25 (CHA)
596295,SIL,FA1,3.51033,FA 1/26
672782,LRR,O1,0.4,T 11/24 (SCS)
693304,GIL,O3,0.525,T 1/23 (EMP)
663853,NOR,A1,1.784705,D 2018
682790,WYO,O,0,D 2021
696100,ECB,O2,0.6,D 2021
685299,JAC,FA1,0.3257118,FA 1/26
676467,PTR,O1,0.5,D 2022
669022,CLI,A1,5.437002,T 11/23 (MAI)
669357,SHS,A1,0.56,T 11/23 (KEL)
700669,MEM,O1,0.4,D 2021
701552,CHI,O,0,D 2021
660813,RIV,FA1,0.7,FA 1/26
543243,CHI,FA1,17.80543067,T 11/24 (BBS)
656484,ECB,O,0,D 2017
680686,EMP,A2,0.42,T 10/19 (BAR)
643338,BBS,FA1,0.4,FA 1/23 (G)
668881,NEW,HD5,13.616487,D 2017
682985,SAC,A1,3.380884,D 2019
545341,CHA,FA1,0.5586,FA 1/26
663757,PHO,FA1,4.669373282,T 7/24 (QCL)
687093,PON,A1,0.41,D 2019
675627,EMP,O3,0.4,T 11/23 (BBS)
692285,JAC,O,0,D 2022
665489,MAI,FA5,19.522629,D 2016
666971,CLI,FA2,5.2,FA 1/25
687473,WYO,FA2,3.311221,FA 1/26
692294,CHA,O,0,D 2020
694203,NOR,O,0,D 2022
623352,SPR,FA2,7.5,T 11/25 (VAN)
664059,NEW,FA1,0.5,FA 7/25
669084,SCS,O3,0.5,D 2017
678020,SAC,O1,0.4,T 11/25 (NEW)
666152,LRR,O2,0.6,T 7/24 (SCS)
641656,MAI,FA1,0.4,FA 1/26
641658,SAN,FA1,0.74,D 2016
676106,PTR,O2,0.48,D 2020
669724,SAN,O2,0.6,T 11/19 (GIL)
664023,NEW,FA3,7.93209,T 11/22 (MAI)
547180,SCS,FA3,14.35472136,T 11/23 EMP
802419,MEM,O,0,T 3/25 (VAN)
802686,CHA,O,0,D 2022
687957,GIL,FA1,0,FA 4/25
663687,SPR,FA1,2.182852388,FA 1/24 (G)
671739,CHI,A1,1.755749473,D 2019
690986,CHI,O3,0.578812,D 2020
606996,BBS,FA2,0.4,FA 1/26
701643,SAC,O1,0.5,R5 2025 (JAC)/D 2021
640451,JAC,FA1,2.74750464,T 1/25 (SCS) (G)
690987,MAI,O1,0.5,T 7/25 (DEL)
663647,VAN,A3,1.24343,T 1/26 (PON)
695247,DEL,O,0,T 10/25 (CHA)
669720,EMP,A3,1.71413632,T 4/18 (BOU)
687396,SAN,FA1,0,FA 8/25
571760,MAI,FA1,6.321499,FA 1/26
595978,LAK,FA1,0.4,FA 1/25
641680,PUG,A2,0.693756183,T 1/25 (SCS)
623168,NEW,FA1,0.74,FA 7/25
680737,SAR,O1,0.5,D 2018
664854,PON,FA2,4.951998,T 1/26 (STL)
693311,CLI,O,0,D 2020
701656,VAN,O,0,D 2022
683002,WYO,A1,4.837415011,T 1/21 (CHA)
543294,LAK,FA1,9.007518,FA 1/26
683618,MAI,O,0,D 2021
678692,VAN,O2,0.6,FA 11/24
669371,SIL,O1,0.4,D 2020
656529,PHO,A2,0.56,T 11/20 (CAR)
623474,NEW,FA2,4.218286,FA 8/25
687231,DEL,O1,0.4,T 7/23 (MIN)
681715,PUG,O1,0.5,D 2019
678226,RIV,FA1,0.4,FA 1/26
606192,SIL,FA1,15.965492,FA 1/26
571771,STL,FA1,1.5,FA 1/26
671056,GIL,O2,0.6,T 1/23 (EMP)
645444,MEM,FA1,0.576,T 5/23 (MIN)
682120,RIV,O2,0.42,D 2018
687792,NOR,O2,0,D 2019
689414,DEL,O1,0.5,D 2021
663855,SIL,FA1,5.057239,FA 1/26
543309,ECB,FA1,1.1943936,FA 7/19
656537,PHO,FA1,0.74,FA 4/24 (G)
657612,SHS,FA1,2.2374,FA 1/25
677956,SHS,O,0,D 2019
663546,SAC,FA4,1,FA 1/25
687863,NOR,O2,0.4,D 2019
663538,PHO,A3,11.63552707,T 11/20 (CAR)
656546,CHI,FA2,7.879555032,T 6/21 (NOR)
694851,SAN,O,0,T 10/22 (SPR)
680684,SAR,O1,0.5,D 2022
702616,SHS,O2,0.6,D 2022
605280,NOR,FA1,5.28,FA 1/22 (G)
656550,RIV,FA3,8.073494,FA 1/26
663947,SCS,O3,0.7,T 4/25 (PUG)
690990,PUG,O1,0.5,D 2023
687462,NEW,O1,0.5,T 10/25 (GIL)
656555,CHA,FA1,3,T 11/25 (DEL) G
656557,WYO,A3,6.3828184,T 1/23 (PON)
691781,VAN,O1,0.5,T 7/25 (SPR)
605288,PTR,FA1,7.48008,FA 4/25
690992,STL,O,0,T 2/22 (SCS)
669165,ECB,O,0,D 2020
676428,SHS,FA2,4.16745,T 10/25 (SCS)
628451,LRR,A2,0.59536,T 7/18 (CLI) 
578428,SIL,FA1,4.175311,FA 1/26
628452,STL,FA2,5.371276,FA 1/26
684007,GIL,FA4,23.1,FA 1/25
663697,PTR,A2,1.0852,D 2018
663623,MEM,O3,0.6,D 2018
664728,MEM,A1,0.900771,T 5/23 (MIN)
592426,CHA,FA1,0.48,T 11/23 (GIL)
656577,CHA,FA1,0.74,FA 1/25
669236,MAI,FA3,2.2,FA 1/26
643376,BBS,A2,0.7,T 11/24 (NEW)
445276,LAK,FA2,5.5,FA 1/26
664299,CLI,A3,2.060933642,T 11/24 (BBS)
643377,SAR,A2,3.49549,T 7/17 (MIN)
680777,CHI,A3,2.003446848,D 2018
695600,NOR,O,0,D 2021
695549,SHS,O1,0.4,T 11/25 (SCS)
669369,CHI,A1,0.4,FA 4/25
572955,SAN,FA1,1.1599212,FA 4/23
687859,MEM,O1,0.4,D 2022
666134,JAC,O3,0.6,T 11/17 (LAT)
663330,RIV,O1,0.5,MLFA 23
683003,SCS,O2,0,T 7/22 (QCL)
691458,GIL,O,0,D 2020
690829,SPR,O2,0.41,D 2022
592450,EMP,FA3,18.645534,T 11/20 (MIN)
666397,VAN,O3,0.48,T 8/25 (GIL)
673962,LAK,O3,0.7,T 11/25 (NEW)
690291,MAI,O2,0.4,D 2022
596001,CHA,FA1,8.825252,FA 1/24 (G)
676083,NEW,A2,1.42574,FA 7/25
592454,WYO,FA1,0.48,T 7/23 (BBS)
691720,LRR,O,0,T 7/24 (MIN)
692216,NEW,O1,0.401,D 2023
807712,WYO,O1,0.5,D 2023
680577,CHA,FA1,0.4,FA 1/26
690993,PUG,O2,0.6,T 1/25 (SPR)
656605,JAC,FA4,17.1,FA 1/25
641745,SCS,FA1,1.592015,T 11/25 (PON) G
518876,DEL,FA1,13.01985,FA 1/25
687330,MAI,O3,0.4,D 2019
608348,SAC,FA3,4.147501,T 11/25 (PON) G
547184,SAN,FA1,0.74,FA 8/24
805249,SAR,O1,0.5,D 2022
596146,NOR,FA,6.851474,T 11/23 (DEL)
689147,SAR,O2,0.6,D 2022
477132,LRR,FA1,0.42,FA 1/25
579328,PHO,FA5,15.692942,T 11/23 (CLI)
673490,EMP,FA1,5.017223,T 11/24 (SCS) (G)
808975,WYO,FA3,7.100001,FA 1/26
643396,LAK,FA1,4.752738,T 11/23 (CHA)
650633,BBS,A3,8.390840289,T 11/24 (SCS)
667463,MAI,FA1,0.995328,WC 1/24 (BAR)
687911,NOR,O1,0.5,D 2019
641755,PTR,FA1,1.0462,FA 1/25
669923,MAI,HD5,7.377379,D 2019
672386,BBS,A1,2.775363546,T 1/25 (EMP)
552640,SAC,FA2,2.30264,FA 1/26
677008,SAN,O3,0.6,D 2020
694361,MEM,O,0,D 2020
689017,MEM,O1,0.4,T 3/25 (VAN)
668800,LAK,FA2,0.4,FA 1/26
677610,EMP,O,0,T 12/21 (LEX)
686799,JAC,O2,0.5,D 2020
657649,LAK,O3,0.7,D 2021
663568,NEW,FA1,2.926468929,T 11/25 (LAK)
656629,MAI,A2,0.56,T 12/15 (DEL)
683766,STL,O1,0.5,T 11/22 (PGF)
663804,CHI,A2,0.4,D 2018
668820,MAI,FA3,1.564524,FA 1/26
665152,PUG,FA1,8.51319617,T 6/24 (CHA)
701762,GIL,O1,0.5,D 2024
680757,RIV,A1,3.985305,D 2018
663567,PON,FA4,0.4,FA 1/25
669127,LRR,A1,3.190724426,T 4/23 (MIN)
694671,GIL,O2,0.6,D 2023
691251,SPR,O,0,T 6/24 (PGF)
663616,CHI,O2,0.6728976,D 2018
656641,SIL,FA1,2.116488,FA 1/25
641778,MAI,FA4,5.745099,FA 1/26
657656,ECB,FA1,5.414281,T 1/18 (CCC)
681320,NEW,O,0,T 11/25 (CHA)
691783,SIL,O1,0.4,D 2021
664875,NEW,FA1,1,FA 1/26
676661,SPR,O1,0.5,R5 2024 (DEL)
681517,NEW,O3,0.7,FA 8/24
673929,DEL,O1,0.5,R5 2025 (MAI)/D 2021
695445,DEL,O1,0.5,D 2021
669276,GIL,FA2,2.430731295,T 10/25 (NEW)
808982,GIL,FA5,10.400002,FA 1/25
686676,PTR,O2,0.4,D 2019
686797,WYO,O2,0.4,D 2022
668984,PHO,O1,0.4,D 2021
683004,SAC,O2,0.6,D 2022
694175,STL,O,0,T 10/22 (BBS)
668904,SHS,O3,0.7,D2017
669461,STL,A1,0.7,T 11/22 (SPR)
695734,PTR,O1,0.5,D 2021
596019,DEL,FA1,9.7763,T 11/23 (BAR)
641793,MEM,FA1,11.9071468,D 2016
669193,LAK,O,0,D 2019
663893,NEW,O2,0.6,D 2017
681432,NEW,O2,0,T 1/23 (SPR)
594902,SHS,FA1,0.74,FA 1/24 (G)
682988,GIL,O1,0.4,T 11/23 (GIL)
663604,SPR,O1,0.5,R5 2025 (MAI)/D 2018
666157,SHS,A1,6.056198,D2019
679845,SIL,O2,0.5,T 10/22 (BBS)
669674,SAN,A2,4,D 2016
675920,WYO,O1,0.5,R5 2025 (GIL)/D 2021
694388,LRR,O2,0.6,D 2021
605347,EMP,FA1,3.559812,D 2011
625643,MEM,FA4,5,FA 1/26
641154,SAN,FA4,15.986431,T 10/17 (MIN)
672640,SIL,FA1,10.27824,FA 1/25
682052,SPR,O1,0.5,T 11/25 (GIL)
695418,PON,O1,0.5,D 2023
547179,SIL,FA1,11.928204,FA 1/26
702795,CHI,O,0,D 2021
666139,MAI,A2,0.8181064,T 7/17 (SIL)
663993,SAN,FA1,9.9816,D 2016
664040,SAN,FA1,5.4043728,D 2016
664192,SAN,FA1,0.74,FA 8/25
682617,MAI,O2,0,D 2019
683090,RIV,O1,0.4,D 2019
607625,SHS,FA2,16.481378,FA 1/26
664770,LAK,FA1,1.85055852,FA 1/25
666158,PTR,A3,1.151513,D 2016
666200,MEM,A3,13.44878462,D 2017
663738,SHS,FA3,3.144768,FA 1/26
592518,EMP,FA3,10.645532,D 2010
680862,MEM,O1,0.4,D 2018
671936,VAN,O,0,T 1/26 (STL)
680744,NEW,O,0,D 2022
641816,MAI,FA2,5.6,FA 1/24 (G)
455117,RIV,FA1,0.48,FA 1/25
669234,PUG,O2,0.5,T 4/25 (BBS)
640455,SAR,FA1,13.131313,FA 1/23 (G)
663968,CLI,O1,0.5,D 2019
666201,SAN,A2,0.74,D 2019
700932,LRR,O2,0.6,T 7/24 (SCS)
665561,SIL,A2,0.5,T 11/20 (DEL)
676760,PUG,A1,0.4,D 2021
608566,LRR,FA1,2.73,FA 1/24 (G)
805300,MAI,O1,0.5,T 7/25 (DEL)
669016,ECB,A2,3.002607577,T 11/15 (SCS)
679525,LAK,O2,0.425648,D 2019
665896,LAK,FA1,0.4,FA 1/25
516782,PHO,FA1,3.095822,FA 1/24 (G)
682622,SAR,O3,0.52723148,D 2021
606466,SCS,FA2,14.26843418,T 11/24 (BBS) (G)
455119,JAC,FA1,5.553028984,T 11/21 (DEL)
663436,NOR,A1,0.695,D 2018
668885,SHS,O2,0.507231,D 2020
682619,CHI,O,0,D 2019
682657,CLI,O2,0.6,D 2021
607259,PTR,FA1,13.928991,FA 1/26
679885,SHS,FA4,3.675,T 11/25 (SCS)
686681,SHS,A1,0.56,T 7/22 (BAR)
670156,CHA,FA1,0.48,FA 1/25
622761,BBS,A2,0.74,T 10/22 (BAR)
664208,STL,FA2,4.410001,FA 1/24 (G)
682641,SHS,O2,0.4,T 10/22 (SCS)
673513,WYO,FA2,3.15,FA 1/26
694728,PTR,O,0,D 2023
805673,WYO,O2,0.4604476,R5 2024 (LAK)
676755,GIL,FA1,1.188911,FA 7/25
571927,CHA,FA1,4.8,T 2/25 (MEM)
677595,LRR,O3,0.55537,D 2018
687209,GIL,O,0,T 12/25 (PUG)
669160,GIL,A3,0.4,D 2016
691785,MEM,O1,0.435736,T 7/23 (MIN)
691723,LRR,O1,0.4063332,T 7/25 (SCS)
800049,PUG,O2,0.4,D 2357
685112,SHS,O1,0.5,R5 2025 (MAI)/D 2020
543510,MAI,FA1,0.754267,FA 1/26
664983,SAN,A1,0.6868976,D 2018
670766,EMP,O1,0,CW 1/23
663556,EMP,A2,0.56,T 10/19 (GIL)
676801,SAC,A2,0.421,D 2017
687529,SHS,O2,0.4,D 2019
457705,PTR,FA1,6.270219,FA 1/26
680729,PON,O,0,D 2022
694646,VAN,O,0,T 5/25 (SAC)
686790,PON,O,0,D 2019
676046,STL,O1,0.5,R5 2025 (LRR)/D 2021
694909,SPR,O,0,T 3/25 (NEW)
700241,SIL,O,0,T 10/25 (GIL)
624512,MAI,A3,0.4944,D 2013
663474,SHS,FA2,0.4,FA 1/26
656716,ECB,A2,3.47779172,D 2016
680574,GIL,O3,0.7,D 2021
690997,DEL,O1,0.5,D 2023
641857,STL,FA2,11.60967,FA 1/26
643446,CHI,FA1,7.50082608,D 2016
678554,JAC,O2,0.4,T 11/23 (LAK)
678009,MEM,O3,0.7,T 5/23 (MIN)
683232,EMP,O1,0.5,D 2018
665622,SHS,O3,0.4,D2017
656731,BBS,FA1,0.882980423,T 11/25 (VAN)
656730,DEL,A1,1.716521,D 2018
805367,JAC,O1,0.5,D 2022
675848,ECB,FA4,4.087778,FA 1/26
689200,MEM,O1,0.4,D 2022
675512,NEW,O1,0.5,T 6/23 (SAC)
691441,MEM,O,0,D 2021
701538,NOR,O2,0.6,D 2021
670223,STL,FA1,0.4,FA 1/25
683748,SHS,O ,0,WC 1/25
800048,SCS,O,0,D 2023
682825,VAN,O,0,D 2019
676974,MAI,O2,0.4,D 2020
676694,SAC,A2,2.571289,D 2017
571945,RIV,FA1,5.240263,FA 1/26
686452,SCS,O1,0.5,D 2021
571946,BBS,FA1,2.001318,FA 1/26
676272,DEL,O2,0.4,T 11/21 (QCL)
682243,ECB,O2,0.6,D 2021
669062,ECB,O1,0.6,T 11/23 (CLI)
695243,MAI,O3,0.7,D 2021
571948,VAN,FA2,1.960087,FA 1/26
694819,CHI,O1,0.5,D 2022
670224,MEM,O1,0.4,T 5/23 (MIN)
669003,CLI,O3,0.7,D2020
663554,SHS,A3,4.273588,D 2018
669387,PUG,O3,0.7,D 2020
655316,STL,FA3,3.732752,FA 1/24 (G)
660162,ECB,FA1,0.50085,FA 1/25
666160,CLI,A1,0.4672968,T 7/19 (MIN)
593423,CHA,FA1,0.4,FA 1/26
606160,LAK,FA2,2.365489,FA 1/26
672456,VAN,O2,0.414,T 11/25 (GIL)
695657,JAC,O1,0.5,T 1/25 (SCS)
656756,RIV,FA1,0.99,FA 1/26
682254,SIL,O1,0.4,D 2021
695681,CLI,O1,0.40233312,D 2024
664238,STL,FA1,1.133057,T 1/24 (NEW)
806960,LRR,O,0.5,D 2023
670970,PHO,FA5,7.455604401,FA 4/24
666624,SAN,A1,0.7,D 2018
672515,DEL,O3,0.7,T 11/20 (SCS)
688158,LAK,FA3,2.5,FA 1/26
669212,PTR,A2,0.584767,D 2018
666661,PON,FA1,0.4,FA 1/26
450203,LAK,FA1,5,FA 1/26
663624,PUG,A3,3.056180545,T 1/18 (SAC)
656775,LRR,FA2,4.844491,FA 1/26
571970,SAC,FA3,10.075909,FA 1/26
691777,STL,O1,0.74,T 11/22 (SPR)
662253,CLI,FA5,8.390289,FA 1/26
691548,SPR,O,0,D 2021
669684,CHI,O3,0.4,T 7/22 (BBS)
669221,EMP,A3,2.705850383,T 1/25 (BBS)
667472,CHA,O2,0.41,T 11/25 (NEW)
668964,NEW,O2,0.6,FA 1/24
667297,SCS,FA1,2.758046,FA 1/26
553882,CHI,FA1,0.4,FA 1/26
665966,SCS,O1,0.5,D 2017
666310,GIL,O3,0.7,T 1/22 (DEL)
647304,PUG,FA1,8.54608853,T 7/16 (SIL)
680891,SHS,O,0,T 1/24 (SCS)
669194,LAK,O3,0.7,D 2019
687263,VAN,O3,0.7,D 2022
656794,SAN,FA1,2.90475108,FA 4/25
621028,PTR,FA1,0.504,D 2015
693312,CLI,O2,0.6,T 11/23 (BBS)
680951,SIL,O,0,D 2022
607043,JAC,FA1,14.9551644,T 1/20 (BOU)
678877,MAI,O2,0.4,D 2019
605400,ECB,FA4,8.421611,FA 1/26
543592,SPR,FA1,0,FA 1/25
663457,CHA,FA1,5.1928848,T 7/25 (SCS)
681393,GIL,O2,0.53537,D 2021
683083,PUG,O1,0.5,T 1/25 (SCS)
641927,BBS,FA1,17.253072,FA 1/26
676617,NEW,A1,0.7,FA 7/25
656811,BBS,FA1,8.029995481,T 11/23 (DEL)
701487,PHO,O1,0.4,D 2021
681351,JAC,O2,0.55553496,T 11/23 (SIL)
660271,SPR,FA3,26.4,D 2024
595345,DEL,FA1,2.3824,WC 7/25 (CHA)
621566,PON,FA5,24.295672,FA 1/26
681857,PUG,O3,0.7,D 2018
641933,NOR,FA,4.195596,D 2013
687401,CLI,O2,0.6,T 11/22 (CHA)
673662,SCS,O,0,T 12/22 (CHI)
682847,STL,O3,0.7,T 11/23 (SCS)
679358,PON,O1,0.42,T 11/25 (SCS)
696030,DEL,O1,0.5,D 2021
681546,VAN,O3,0.42,D 2018
670912,SAR,A2,0.6,D 2039
542303,SAC,FA3,7.678819,FA 1/26
689070,RIV,O,0,D 2021
663978,LRR,FA1,0.888,T 7/24 (SCS)
641941,PUG,FA2,5.883364,FA 1/26
686780,LRR,O2,0.6,D 2019
681624,VAN,O2,0.6,D 2018
680700,LAK,A1,0.6774486,T 11/22 (CHA)
641943,SPR,FA1,0.4,FA 1/26
694037,PON,O2,0.6,T 3/24 (SCS)
669467,EMP,A1,0.56,T 11/23 (SCS)
687223,ECB,O,0,D 2022
670623,NEW,A3,5.341294199,D 2050
677347,RIV,O1,0.42,D 2019
680730,STL,O2,0.5,T 1/26 (NEW)
686469,SHS,A1,2.37605,T 7/22 (BAR)
679741,PUG,O,0,D 2019
694477,PUG,O1,0.5,D 2021
592626,SIL,FA1,1.091449,FA 1/26
678894,SAC,O3,0.420056,T 7/25 (GIL)
665161,EMP,A1,2.519411331,T 11/22 (SIL)
686752,RIV,A1,3.442612,T 2022 (SCS)
642547,SPR,HD1,2.793527,D 2062
593974,STL,FA1,0.74,FA 1/25
672724,CHI,FA1,1.219363,FA 1/26
672695,MAI,A2,5.480011037,D 2064
677592,SIL,O3,0.6,T 11/19 (BOU)
527048,ECB,FA1,5.575607,FA 1/26
691587,JAC,O3,0.7,D 2021
672761,LRR,O2,0.6,T 7/20 (STU)
521692,SAN,FA2,10.525341,D 2066
678022,LRR,O,0.4850612,D 2022
663368,SPR,O3,0.7,T 2/26 (PUG)
671976,CHA,O ,0,T 11/25 (NEW)
656849,CLI,A3,8.054057,T 1/26 (SIL)
696275,SAR,O1,0.5,D 2021/R5 2025 (JAC)
695534,SIL,O,0,D 2021
694297,PON,O3,0.7,T 11/25 (SCS)
502054,PHO,FA2,3.273895,FA 1/26
663969,PHO,FA1,0.74,FA 1/25
623465,SAC,FA4,0.42,FA 1/26
683175,WYO,O,0.4,T 7/23 (BBS)
663455,LRR,FA1,0.4,FA 1/26
601713,DEL,FA2,17.120811,D 2082
621363,PHO,FA1,0.75,FA 1/25
593871,SHS,FA1,13.128768,FA 1/23 (G)
519141,DEL,FA1,0.74,FA 1/25
676571,MEM,O,0,D 2018
700249,PTR,O2,0.481,D 2022
676026,CHA,O,0,D 2020
650968,SAR,FA2,0.873158,FA 1/26
519151,PTR,FA1,0.4,FA 1/26
682990,SIL,O3,0.7,D 2019
595777,SHS,FA3,6.665684,FA 1/26
640462,CHI,A1,0.7,D 2106
615698,MEM,FA1,3.833885181,D 2107
700337,CLI,O1,0.488,D 2021
691620,SIL,O,0,T 1/26 (CLI)
500779,PHO,FA1,9.979002991,D 2109
678882,CHI,O2,0.6,D 2019
666142,NOR,A1,0.7,D 2016
663728,NOR,A2,6.462918,D 2018
548384,BBS,FA1,1.256209466,FA 8/25
670042,PTR,FA1,2.552564,FA 1/26
608070,BBS,FA2,15.3524658,D 2115
670990,PTR,FA1,0.48,FA 4/25
682663,PUG,O1,0.5,T 1/25 (SCS)
682868,BBS,O2,0,T 10/25 (GIL)
671218,DEL,O2,0.6,T 7/23 (MIN)
660761,NEW,FA1,0.4,FA 1/26
656876,CHI,FA1,33.384526,FA 1/26
592662,SPR,FA2,7.875,T 11/25 (DEL)
607067,SPR,FA1,6.6,T 7/25 CLI)
592663,PHO,FA3,15.284098,T 4/23 (QCL)
608701,PTR,FA1,0.919519,D 2125
592669,PHO,FA1,3.36,FA 1/25
650859,PHO,FA1,3.515657472,D 2129
668804,PON,FA ,6.5609856,T 11/25 (SAC)
700250,JAC,O2,0.6,T 1/25 (SCS)
680689,SPR,O1,0.5,R5 2025 (LAK)/D 2018
663586,CHA,FA1,10.15817148,T 11/25 (SCS)
690022,NOR,O1,0.5,D 2022
660844,PUG,FA1,0.942832,FA 1/26
656896,EMP,FA1,0.4,FA 1/26
691828,GIL,O,0,D 2019
673357,MAI,A3,2.456061542,D 2143
645302,MEM,FA1,3.9936,T 7/23 (MIN)
694358,SCS,O,0.4,R5 2025 (PTR)/D 2020
677587,SHS,O2,0.52,T 1/20 (BOU)
697812,SIL,O,0,D 2021
677958,CHA,O1,0.4,D 2024
702176,SCS,O1,0.4,T 11/25 (GIL)
663898,PTR,A2,0.497794,D 2148
607074,MEM,FA1,24,FA 1/26
678495,CLI,O2,0.6,T 11/22 (SAC)
699134,CLI,O,0.4,D 2024
684320,GIL,FA4,5.25,T 10/25 (BBS)
682848,LAK,FA5,1.555555,FA 1/26
677594,LAK,HD5,9.108867946,D 2019
593958,SAR,FA2,11.5,FA 1/24 (G)
692230,VAN,O,0,T 11/25 (GIL)
680570,WYO,O2,0.4,T 7/21 (SCS)
669432,ECB,A3,12.59770656,D 2157
643511,MAI,FA2,5.56108,T 11/23 (CLI)
668670,SAC,A2,0.610868,T 11/23 (SAR)
573124,VAN,FA2,3.001944,FA 1/26
500743,BBS,FA1,3.5,T 7/24 (ARB)
679032,JAC,FA1,4.105881,FA 1/26
668942,SAC,FA,2.592708,D 2163
669020,SIL,FA1,0.4,FA 1/26
605447,ECB,FA3,1.500001,FA 1/25
668941,CLI,O3,0.7,D 2166
691011,MEM,O,0,T 5/23 (MIN)
667670,RIV,A2,5.43103,D 2170
666163,NOR,O2,0.4,T11/17 (MIN)
642708,ECB,FA2,2.7783,FA 1/26
693850,PUG,O,0,T 12/25 (GIL)
681468,SPR,O,0,D 2021
605452,EMP,FA1,0.603987,FA 1/26
694738,GIL,O2,0.6,D 2021
660688,LRR,A1,0.4,D 2180
687221,GIL,O1,0.4,D 2022
671131,PTR,O1,0.4,D 2019
668939,SCS,A1,1.73031632,T 1/25 (PUG)
689981,DEL,O,0,T 11/25 (SAC)
657746,SCS,A1,6.482256,T 11/25 (SHS)
685314,PUG,O1,0.4,D 2019
693306,RIV,O1,0.5,R5 2025 (SAR)/D 2021
681870,VAN,O2,0.6,T 5/25 (SAC)
695336,PON,O1,0.458056,T 11/25 (BBS)
519242,SCS,FA1,22.4761152,FA 1/26
650911,EMP,FA4,25.841755,FA 1/23 (G)
660821,SHS,A2,0.763466,D 2192
663776,STL,A3,1.5011192,D 2194
663485,CHI,A1,0.7,D 2019
691594,SCS,O1,0.5,FA 8/25
642701,NEW,FA2,5.271276,FA 8/24
467793,VAN,FA1,2.327934,FA 1/26
623993,SAR,FA1,8.25,FA 1/24 (G)
663574,SCS,FA1,0.5208,FA 1/25
666619,SPR,FA2,0.4,FA 1/26
808963,WYO,FA5,12.17083,FA 1/26
694384,ECB,O2,0.7,D 2023
453286,LAK,FA2,2.263522,FA 1/26
693645,PUG,O1,0.5,D 2023
657376,BBS,FA1,1.193182,T 11/24 (CLI)
669477,MAI,O3,0.545,D 2020
682177,RIV,O2,0.6,D 2018
676914,PON,FA1,5.2,T 1/26 (VAN)
670167,JAC,FA1,3.045974,FA 1/26
680474,JAC,O2,0.6,D 2018
687606,WYO,O,0,T 1/21 (NEW)
656941,NEW,FA3,11.341613,D 2216
680885,SAR,O2,0.6,D 2023
656945,NOR,FA2,3.768138,FA 1/26
687363,RIV,O2,0.6,D 2022
681035,SAR,O1,0.4,D 2021
608369,SAN,FA2,5.491411,D 2222
676664,CHA,A1,1.040492788,T 8/25 (GIL)
678011,ECB,O,0,D 2018
543760,SAC,FA2,13.5,FA 1/25
673540,VAN,FA3,8.671215,FA 1/26
622608,RIV,FA1,1.010795,FA 1/26
622663,SAC,FA1,6.10929,T 11/25 (DEL) G
623149,EMP,FA1,0.4,FA 1/25
693313,CHA,O,0,D 2021
693855,GIL,O2,0.5,R5 12/24 (MEM)
807713,VAN,O1,0.5,D 2023
686218,MAI,O3,0.7,D 2021
657757,RIV,A2,0.483097,T 2022 (SCS)
670097,BBS,FA1,0.4,FA 1/26
663767,CHI,O2,0.4,FA 8/25
672279,BBS,O2,0,FA 6/24
681217,MEM,FA2,0.4,FA 1/25
681006,MEM,O,0,D 2022
802415,NEW,O1,0.5,D 2022
663903,CLI,A3,11.93899072,D 2243
694973,STL,O2,0.6,D 2023
669373,SPR,A3,22.975639,D 2246
686580,RIV,O2,0.6,D 2023
596103,VAN,FA1,2.097466,T 7/24 (BBS)
681343,BBS,O1,0.5,T 11/25 (VAN)
656976,BBS,A3,0.7551816,T 11/24 (CH)
694518,CHA,O,0,T 12/22 (SPR)
642086,ECB,FA1,0.74,FA 1/23 (G)
669257,LAK,FA3,9.062193584,D 2258
669701,NEW,A1,0.7,D 2019
681916,RIV,O,0,D 2022
701358,RIV,O1,0.4,D 2024
671922,SCS,O2,0.6,T 1/25 (JAC)
700363,MEM,O2,0.496,D 2021
605483,VAN,FA2,21.834496,T 11/23 (SCS)
691016,CHI,O3,0.7,D 2020
686765,STL,FA1,0.74,FA 1/25
456781,EMP,FA1,0.4,FA 1/26
624585,SHS,FA1,4.101223,FA 1/25
667755,WYO,O3,0.7,T 7/19 (QCL)
647336,EMP,FA1,0.888,D 2268
624641,MEM,A2,2.471814289,D 2269
672820,VAN,FA2,1.175,T 11/25 (SPR) G
665742,RIV,HD1,11.729746,D 2271
642397,STL,A2,1.728233,D 2270
656986,NOR,O1,0.5,D 2018
642100,SCS,O3,0.7,CW 12/24
687765,WYO,O2,0.4096,D 2019
543807,SAN,FA3,8.056906,D 2272
605488,SAN,FA1,6.7768908,D 2273
687075,DEL,O,0,D 2024
607732,STL,FA1,1.462647,FA 1/26
592773,PTR,FA1,0.708875,FA 1/25
519317,DEL,FA1,5.04002,FA 1/24 (G)
657006,PHO,A2,4.8343544,T 2/25 (NOR)
668715,SPR,O3,0.7,T 2/26 (PUG)
663986,PON,A2,0.7,T 3/24 (SCS)
695776,SHS,O,0,T 1/24 (SCS)
663886,EMP,A1,0.7,D 2284
686993,SIL,O1,0.5,D 2021
592779,PHO,FA1,0.4,FA 1/25
701398,RIV,O,0,D 2022
694813,WYO,O3,0.57881176,D 2020
596115,PON,FA1,8,FA 1/24 (G)
681082,NEW,A1,3.581917,T 6/23 (MIN)
669065,PUG,O2,0.6,D 2019
621381,JAC,FA1,9.705515439,D 2291
676702,PHO,FA1,0.4,FA 1/25
664702,EMP,FA1,0.4,FA 1/25
675911,PON,HD5,1.221768,D 2297
573186,SHS,FA2,0.4,FA 1/26
669704,CHA,O,0,CW 2/2025
663158,MEM,FA1,2.5,FA 1/24 (G)
624133,NEW,FA1,14.023921,D 2303
553993,SPR,FA2,9.787321,D 2304
608372,CHI,FA1,10.210253,FA 1/26
642121,NEW,FA1,0.4,FA 1/26
608718,LAK,FA2,2.025068,FA 1/26
669261,PON,FA1,0.4,FA 1/26
673548,CLI,FA3,13.5,FA 1/24 (G)
694335,STL,O1,0.74,D 2021
621020,NEW,FA2,7.170321,D 2309
700242,LAK,O2,0.6,D 2021
592791,RIV,FA2,7.817499,FA 1/26
665487,BBS,HD2,1.029071,D 2016
643565,SAC,FA ,2.142652,T 5/25 (VAN)
665750,JAC,A3,0.609126283,T 1/25 (SCS)
694374,SPR,O1,0.5,T 2/26 (PUG)
691799,CHI,O,0,D 2024
572191,GIL,FA1,2.746349,T 1/26 (SPR)
621035,JAC,FA1,0.4,FA 1/26
621438,NOR,A2,0.718862,FA 1/19
700187,SAC,O,0,D 2023
691019,NEW,O1,0.5,D 2023
642133,PTR,FA1,3,FA 1/26
677588,JAC,O2,0.4012,D 2019
678906,PON,O,0,T 11/25 (SAC)
669326,EMP,O1,0.5,D 2021
642136,ECB,FA1,0.972,D 2329
573204,SPR,FA1,1.072427604,FA 1/24 (G)
687515,SAR,O1,0.4,T 2/26 (RIV)
677950,SAR,A1,0.42,T 12/20 (SCS)
657041,SAR,FA3,1.184211,FA 1/26
657044,PUG,FA1,1.531511194,T 4/25 (SCS)
668868,RIV,FA1,0.7,FA 1/26
663423,JAC,FA1,0.1263488,FA 1/26
689672,VAN,O1,0.4,T 11/25 (SAC)
694918,CHI,O,0,D 2022
694661,STL,O,0,D 2021
669911,SAN,A1,0.7,T 8/25 (GIL)
686475,SPR,FA1,0,T 2/26 (STL)
804636,JAC,O,0,D 2023
623437,MAI,FA1,1.318275,FA 1/26
679529,SIL,A1,2.560579,D 2020
647351,PTR,FA1,1.906015,FA 1/26
620443,VAN,FA1,0.74,T 1/26 (STL)
650402,NOR,FA3,7.981261,D 2014
678662,LAK,O3,0.7,T 11/23 (PGF)
666211,PHO,FA1,0.749824,FA 1/26
624431,CLI,FA1,1.4557812,D 2348
701655,SCS,O1,0.5,R5 2025 (PUG)/D 2021
669707,LRR,O3,0.6442,T 7/25 (SCS)
642152,SHS,FA2,0.791979,FA 1/26
545361,PUG,FA4,7.852215,FA 1/26
663656,PUG,HD4,8.41626898,D 2356
668930,SAR,O3,0.7,D2018
607208,ECB,FA2,10.10634197,D 2358
457759,LAK,FA1,0.4,FA 1/26
670955,VAN,A2,1.871059,D 2361
570632,PTR,FA1,0.48,D 2364
628711,NOR,FA,1.728,D 2013
649966,PHO,FA1,0.74,FA 1/25
602104,SAC,A2,1.539374,D 2366
682842,SCS,O3,0.7,T 10/21 (SPR)
570482,SAN,FA1,1,FA 1/26
664285,GIL,FA4,23.272742,FA 1/25
671655,CLI,O,0.4,D 2018
701121,PTR,O,0,D 2022
678246,EMP,FA2,1,FA 1/25
672841,LAK,FA1,0.4,T 11/25 (NEW)
545121,PON,FA1,2.48822,T 1/26 (STL)
686973,SAR,O3,0.7,D 2019
662139,STL,A3,6.674872,T 11/23 (SCS)
678024,NOR,O1,0.5,D 2021
681190,NEW,O3,0.7,T 11/22 (MAI)
683734,WYO,A2,0.6,D 2376
543877,PTR,FA1,2.205,FA 1/25
691728,STL,O1,0.74,T 11/22 (CHA)
657077,STL,FA2,0.5292,FA 1/26
434378,STL,FA1,11.181316,FA 1/26
681911,SAC,A2,2.104941,D 2382
676684,NEW,A1,2.272432,T 7/23 (BBS)
668901,SAR,O3,0.7,D 2017
663837,STL,FA3,4,FA 1/26
668723,PON,O,0,T 1/25 (BBS)
678391,VAN,O2,0.5,R5 2024 (LAK)
680767,SPR,O2,0.6,D 2021
683011,SCS,O3,0.7,T 11/23 (PGF)
608723,PUG,FA1,0.4,FA 1/24 (G)
608379,SAC,FA1,10.05791,T 1/23 (GIL)
642180,PTR,FA1,1.2,FA 1/25
664774,JAC,A2,0.74,T 1/23 (PGF)
676572,SPR,FA1,0.4,WC 7/25 (BBS)
695238,CHI,O1,0.5,R5 2025 (LRR)/D 2021
694462,PON,O1,0.5,D 2023
572233,CHA,FA3,6.919101,FA 1/26
592836,EMP,FA1,9,FA 1/24 (G)
691023,PTR,O2,0.4,D 2020
676254,SAC,O3,0.7,D 2018
670242,NEW,O3,0.7,T 6/24 (SIL)
670764,SAC,A2,0.6,T 11/25 (DEL)
686796,CHI,O,0,D 2019
687888,DEL,O1,0.5,FA 1/25
621493,CLI,FA2,9.931,FA 1/25
701542,VAN,O2,0.6,R5 2024 (JAC)
671221,CHA,FA1,1.3125,FA 1/26
696135,VAN,O,0,D 2021
677960,NEW,A2,0.7,D 2409
596133,BBS,FA1,3.012254011,T 11/24 (CHI)
657097,NOR,FA,2.835,FA 1/24 (G)
657277,SAC,HD1,8.734424,D 2412
669711,JAC,FA1,1.5073236,FA 4/24
669330,SAR,A2,0.5,D 2418
669224,SHS,O2,0.6,T 10/25 (GIL)
666214,STL,O3,0.4,T 11/23 (SCS)
669713,MAI,A1,0.4,T 7/25 (DEL)
676059,MAI,O3,0.7,D 2020
689047,SPR,O,0,D 2020
554430,EMP,FA2,20.261993, 1/23 (GIL)
687931,SAC,O,0,D 2022
694376,NOR,O ,0,T 11/21 (DEL)
642201,PUG,FA1,0.6,T 2/26 (SPR)
676477,LRR,A2,3.60287016,T 7/24 (SCS)
696136,NOR,O3,0,D 2021
686894,SPR,FA1,0.4,FA 1/26
700246,DEL,O1,0.5,T 11/23 (BAR)
668909,JAC,O3,0.7,D 2022
592866,LRR,FA1,7.877754,FA 1/26
642207,SAC,FA1,10.87253,D 2433
810938,CHI,O1,0.5,D 2023
621051,ECB,A1,0.5,D 2018
642215,LRR,FA1,0.4,FA 1/26
669060,RIV,FA1,0.775668,FA 1/26
458677,SAN,FA1,0.74,FA 8/25
669717,SAN,O,0,D 2019
805779,SAN,O2,0.6,D 2023
670174,LAK,A1,0.56,T 1/18 (KAN)
668390,CLI,O1,0.5,D 2019
691026,GIL,O3,0.7,T 11/21 (CLI)
621550,SPR,FA1,0,FA 1/26
677951,CHA,HD5,10.3454322,D2019
657136,JAC,FA1,4.492574,FA 1/26
693433,SCS,O3,0.7,D 2022
695578,SCS,O2,0.6,T 10/22 (CHA)
605540,SAR,FA4,7,FA 1/25
680573,SIL,O1,0.5,T 11/23 (PGF)
657140,PON,A3,0.7,T 1/23 (LEX)
680736,LRR,O2,0.503643296,D 2022
642851,CHA,FA1,0.74,FA 8/25
808967,VAN,FA4,21,FA 1/25
642232,ECB,FA1,1.072538426,D 2451
573262,STL,FA1,10.168733,T 11/22 (SCS)
489446,PTR,FA1,6.394832,FA 1/25
592885,BBS,FA2,10.650154,T 11/23 (CHA)
694377,CHI,O,0,T 11/22 (CHA)
807799,MAI,FA1,0.4,FA 1/26
702284,NEW,O1,0.4,D 2022
696285,NOR,O3,0.7,D 2021
687064,SAR,O1,0.5,D 2021
642239,SAC,FA1,0.4,FA 1/26
666171,CHI,O1,0.4,D 2019
672582,CLI,O3,0.7,D 2462
